issue_year,loans_issued,funded_issued_millions,loans_closed,pct_closed,default_rate_closed_pct
2007,603,4.8,251,41.6,17.93
2008,2393,20.0,1562,65.3,15.81
2009,5281,51.8,4716,89.3,12.60
2010,12537,126.4,11536,92.0,12.89
2011,21721,257.4,21721,100.0,15.18
2012,53367,717.9,53367,100.0,16.20
2013,134814,1982.8,134804,100.0,15.60
2014,235629,3503.8,223103,94.7,18.45
2015,421095,6417.6,375546,89.2,20.19
2016,434407,6400.5,293105,67.5,23.29
2017,443579,6585.0,169321,38.2,23.13
2018,495242,7936.3,56318,11.4,15.76
